Priority,Category,Headline,Source,Location,Credibility,Summary,Action Directive,URL
HIGH,Climate Science,Test Unique Headline for Agent Memory 1789917395.7982702,Test Authority,Global Scope,0.85,This is a test summary for persistence verification.,Monitor developments.,https://example.com/test-article-1789917395.7982702
HIGH,Climate Science,Test Unique Headline for Agent Memory 1789917363.1191194,Test Authority,Global Scope,0.85,This is a test summary for persistence verification.,Monitor developments.,https://example.com/test-article-1789917363.1191194
HIGH,Climate Science,Test Unique Headline for Agent Memory 1789917339.5606296,Test Authority,Global Scope,0.85,This is a test summary for persistence verification.,Monitor developments.,https://example.com/test-article-1789917339.5606296
HIGH,Climate Science,Test Unique Headline for Agent Memory 1789917328.8366964,Test Authority,Global Scope,0.85,This is a test summary for persistence verification.,Monitor developments.,https://example.com/test-article-1789917328.8366964
HIGH,Climate Science,Test Unique Headline for Agent Memory 1789915263.370719,Test Authority,Global Scope,0.85,This is a test summary for persistence verification.,Monitor developments.,https://example.com/test-article-1789915263.370719
HIGH,Climate Science,Test Unique Headline for Agent Memory 1789915217.4387677,Test Authority,Global Scope,0.85,This is a test summary for persistence verification.,Monitor developments.,https://example.com/test-article-1789915217.4387677
MEDIUM,Climate Science,Climate change,World Health Organization (WHO),Global Scope,0.7,Climate changeWorld Health Organization (WHO),Incorporate empirical climate observations into annual national risk assessments.,https://news.google.com/rss/articles/CBMif0FVX3lxTE50VExlaEhXTlVoQ00tWDRxa090b0pTS3FPQzZTZ0swWTVaM19jUWM0ZjZ6NVUxdHV1VnJQUXVEYzJvbTVidGczX2RWX0dfaF9CLTFKbWdzeVZrMkp1MnJjeVYyRi1HRWVCOGhGV1NfTjdvcHhOZ3lxVWlSRFFZZWc?oc=5
MEDIUM,Climate Science,'Negligence' not to prepare for climate change emergencies in Wales,BBC,Global Scope,0.7,'Negligence' not to prepare for climate change emergencies in WalesBBC,Incorporate empirical climate observations into annual national risk assessments.,https://news.google.com/rss/articles/CBMiXEFVX3lxTE54bi1FVmh0TGdORWNZMGFzLWEwSmZ0dGlmTHdqdTByT0ZYekZNVjh2T0Y2NE5ZRVlPYlZ4alFiOE1yemQtSFZfYjRXa2xERXpFSURYNEUwOS1ZMkVG?oc=5
CRITICAL,Extreme Weather,"UK must be ready for ‘unprecedented’ heatwaves and flooding, climate experts warn",The Independent,Global Scope,0.7,"UK must be ready for ‘unprecedented’ heatwaves and flooding, climate experts warnThe Independent",Activate emergency civil cooling centers and drought contingency funding.,https://news.google.com/rss/articles/CBMiwAFBVV95cUxQMEhpQXdSd1BxdlIxVE9rbkRtcnB5X0t2b2d5Y0hnOWQ3VTBnXzhUREZfNzFEdHl3LWd4V2hZUnpSbHE1R3BpdWhnbENfQ2dUNGRWZE52NENfUUNZaTdVYzYtbklrZDVaaWZnbEZnR2MtcHVkM0RZbzBQQVBVWEg3ajlQRnFZT1c3WFpNQjZ4eHV1ck5DLUVwVU8xeVZoNVJHYlJDZnhXcVF5R0hpbmdncWYtUnVtQWVieXQydXVaMVQ?oc=5
MEDIUM,Climate Science,Extreme Weather and Climate Change,NASA Science (.gov),Global Scope,0.95,Extreme Weather and Climate ChangeNASA Science (.gov),Incorporate empirical climate observations into annual national risk assessments.,https://news.google.com/rss/articles/CBMiZ0FVX3lxTE5POHZwdkFNMURYWE12MW5tYnYwdFFkVWV4emlpRnU0aGVFMW5ucjc5X1o3VlNoa1dQNDZ5TUIwMU5VZVhfUjJ5Yk1adHE0eGtsRmhNWUtnaGNxaGFHUXBwbGlZTk9IYjg?oc=5
LOW,Climate Science,When Risks Become Reality: Extreme Weather In 2024,World Weather Attribution,Global Scope,0.7,When Risks Become Reality: Extreme Weather In 2024World Weather Attribution,Incorporate empirical climate observations into annual national risk assessments.,https://news.google.com/rss/articles/CBMilAFBVV95cUxQNHlQTEhXWVV1bGxWbGhQamc3ZnVIbVY3VW9FSkdFeXljLTFScGh2T0RjWUF4N2txeWNfVjdLZkw2cGhlNGZiYldzaW1DRm5Tby1wRlQzQmVXUm1UanBvWXFqVW8yaW9hVU9TQS1oUVI1YllHcGs5SWJvMTFRbzB6bzRhbU5RT2tISWtiQm1DMG55UHU1?oc=5
HIGH,Extreme Weather,Central Europe Heatwave: How Extreme Weather Is Reshaping Europe,en.tempo.co,Europe,0.7,Central Europe Heatwave: How Extreme Weather Is Reshaping Europeen.tempo.co,Activate emergency civil cooling centers and drought contingency funding.,https://news.google.com/rss/articles/CBMinAFBVV95cUxQa2tQdzJwbXBvVHc2cU1pNkhEbTdCT1ZVRmRjaE9fRGVwSWlWYnhDbjVUSDFYZHJMTEV1dDlMNzZhQVRSOVV6VkFmSktJY3V4a3dZQ2Y2RlBTNE1meng1STBUTXJEMEZLUllzNXJpZ3M4SlR3T3g4V3JsVlZHSjJkSmprYnZTTGJwY1Q1T2k4UzU4ckVaSkJ1M2l6VUU?oc=5
LOW,Adaptation,Extreme weather and uneven climate adaptation challenge Europe’s resilience,European Environment Agency (EEA),Europe,0.7,Extreme weather and uneven climate adaptation challenge Europe’s resilienceEuropean Environment Agency (EEA),Deploy drought-resistant crop insurance and urban shading infrastructure.,https://news.google.com/rss/articles/CBMiuAFBVV95cUxQQl9VemJLbno4Rk96UHk5TUNidGs4OHpFa3c1UTZzUXg3WU9qU3VZOTZ3dVctSkJKeWlfM0JNbmNvd0RDUEVLMWJFaU9kNDBGenJwVVdjMUowYUNnVkhXY1AybllLazRSc3ZFRWZ1Z1Z5STl2Zm5lb1JDWGVYdHVNMjBqaHIwMGpfdUdVZVJGd0l1a0duUVBfNV9WV2JnTGp0c1BhSVBwSC1jTmFBaUdMeHlSUkVNb3ZL?oc=5
HIGH,Extreme Weather,"Just 20 of 6,600 Defra staff working on climate adaptation amid drought and wildfires",The Guardian,Global Scope,0.7,"Just 20 of 6,600 Defra staff working on climate adaptation amid drought and wildfiresThe Guardian",Activate emergency civil cooling centers and drought contingency funding.,https://news.google.com/rss/articles/CBMi0gFBVV95cUxNSTFyTG1hZlhMTndyd3pEUENHcTBFaTR2bFJYbFE0aWlrendGRzFlZGdQS0NCQVJLb3BvaF96R0w5NElxdGtzWVZMTERSXzBpTzZVNmR0U2M1aF81d3F6aENpZ1QtUkhuSEFsMHFRTG9aY1k5UXhteHUwaHRnNUV2UHRHYkNNdmV6U21EdkVBM2lURy1ZSlZtcjQ4Y1RldzZXVXdiWlkyR0xMUWRodFExXzhCU3ZycF9ES3h5dWVvNFJveVZRNlJCUkMxbjFsWThXSEE?oc=5
MEDIUM,Climate Science,Extreme weather is getting a boost from climate change | EDF,Environmental Defense Fund,Global Scope,0.95,Extreme weather is getting a boost from climate change | EDFEnvironmental Defense Fund,Incorporate empirical climate observations into annual national risk assessments.,https://news.google.com/rss/articles/CBMib0FVX3lxTFBqaFZXMTZ2Q1UzbVZidld3cnowQVN5U3VIRFNJaFZfQ1FLTGE5a1hLTy1mS3kzaF9HRnY0NElTSE11NFQ5WGRYdG9KQUJ0MWJTV3NfRmdjTHBzVGhRSFFuaXAxeHNxVks5RVVhTkFsMA?oc=5
MEDIUM,Adaptation,"Climate change impacts, risks and adaptation",European Environment Agency (EEA),Europe,0.7,"Climate change impacts, risks and adaptationEuropean Environment Agency (EEA)",Deploy drought-resistant crop insurance and urban shading infrastructure.,https://news.google.com/rss/articles/CBMikgFBVV95cUxQU2xCMVR2VmFtNWRlb3FkeUgybDdpaVQzaE51bHUtRVdVc3NFWlZJTG5selFyQ21NT3lVcjFWMUt0ZmpnMHVWWnBSQnZxN2hSOExXUkdBMWtnREw2WVUtdzRFSGpwMy1xZXctYXZ0aTRYaFZqdDUtaGlVU0JoUXVfdkJtSWFZWDdHaXAxOExjSlR5QQ?oc=5
LOW,Emissions,Mapped: How climate change affects extreme weather around the world,Carbon Brief,Global Scope,0.7,Mapped: How climate change affects extreme weather around the worldCarbon Brief,Deploy infrared methane leak detection across industrial pipelines.,https://news.google.com/rss/articles/CBMimgFBVV95cUxPOHM1STlSWWxqQ29vMHdtbXNvUnllR1FMRFo2VV8wMDJGdUtib0ozdTVVVHBQT1hkUnpoQUhORy1nRV9BTS1yTkJMTlBQRUcyUF9wNlF6RGxrdmRXZVVjXzZLY3BRYmV3dUpvVWNnczBIVHY3Qll3RVRWVVZmVnBONDdhaDhjZTNEXzhHLUZkd0tOcEpTa0ZpQmx3?oc=5
HIGH,Extreme Weather,"Perspective - Expert warns of 'hotter summers, more wildfires, more drought and more floods'",France 24,Global Scope,0.7,"Perspective - Expert warns of 'hotter summers, more wildfires, more drought and more floods'France 24",Activate emergency civil cooling centers and drought contingency funding.,https://news.google.com/rss/articles/CBMizAFBVV95cUxNZnpYdXRHSUtrQ2J5SzlHaTRYcDVqTGYzNDVOYlhHNUE2cDhWaUtZOVBFUVk3QjNGSnhBUUNJOWJxYmFwdGc0bmdCZ1JVaGxhUUFGX2xxWHRGcVRidi1MS1ota05BMFNwSEc1UTctb3JRcXdpQVA0RDZQY3E2TEpPNlBsbEE0a2NzQV8zYU1SLU1zMERMbHdpanB5a3BvaktsMllMYU1DOFdqR2kydGRTWDNDSC1WaVRuOWJGN1BkLUtXUFo1Y24zMEtsYnM?oc=5
MEDIUM,Extreme Weather,"How do scientists know if climate change made a heat wave, extreme storm or wildfire worse?",The Conversation,Global Scope,0.7,"How do scientists know if climate change made a heat wave, extreme storm or wildfire worse?The Conversation",Activate emergency civil cooling centers and drought contingency funding.,https://news.google.com/rss/articles/CBMiwgFBVV95cUxNOW5XQjdVSG9ESEJ5WHRXWVhTNTVaV1JRQTd4dW96UDg1OElrTzZLb0djemJNdFY5alRXSWgxX2N1Tkp2X2VKVFpWUGtjc3M3OGlzQjR2UlpndjVpUDhnUlZyNWpuYlM0ZUJTSFdWbm5uOWF3MVJVMzZ6Sk04bmtmVDN0TTVkOWc5MHE4Qy1aU3pDelFkZ2tYNlZuTldpT0drSDhKa3oxNEJKd2FhX29nU21Xc1E5R0RRaUQ5ajZaV2hrZw?oc=5
HIGH,Extreme Weather,"From widespread floods to severe heatwaves, ESOTC 2023 puts Europe’s climate in focus",climate.copernicus.eu,Europe,0.95,"From widespread floods to severe heatwaves, ESOTC 2023 puts Europe’s climate in focusclimate.copernicus.eu",Activate emergency civil cooling centers and drought contingency funding.,https://news.google.com/rss/articles/CBMipAFBVV95cUxOb0pxczduNDl4WGZ2emd6SUkydUNueUZmaW83VzdzSXRYUEVuOTVjVjJnMHZqWjhWUVR3NmF3RzFnbjJ3SndaT2ZRSkJEQUFhc2FPSnJEZW5hXzBSQlRSTUc0YVJYX2g2M09SdDEzR2Rab0lyQ0EzNlViSWM1aUE5dWtrRU9tNWt6YmdnNjl0SV9HX1hjVFg4VkxOendycXEtemVxMw?oc=5
MEDIUM,Extreme Weather,"As El Niño Approaches, Scientists Predict Fierce Heatwaves, Wildfires and Floods",Inside Climate News,Global Scope,0.7,"As El Niño Approaches, Scientists Predict Fierce Heatwaves, Wildfires and FloodsInside Climate News",Activate emergency civil cooling centers and drought contingency funding.,https://news.google.com/rss/articles/CBMinAFBVV95cUxOSmFQYnNBTjA5YXBBaGFQaXl4WW9wby0xaDU4MGNpaFBwaVZUR2d5ZGd0b2VOZVprZ0N5MFdQbGoxbGhQWjVuNU9fcE9BQjNIa2dac0RfSVRHb0Z0VUxza0hsMUU2aVVGQlIxaGZCTkN1YllLeUgyMzZTODRIa0JmeGY1QmRGQ2hoRnVxeFFEakp5NGhTc2wxcDBmQ08?oc=5
HIGH,Climate Science,Test Unique Headline for Agent Memory 1789914567.8902855,Test Authority,Global Scope,0.85,This is a test summary for persistence verification.,Monitor developments.,https://example.com/test-article-1789914567.8902855
HIGH,Climate Science,Test Unique Headline for Agent Memory 1789914246.829157,Test Authority,Global Scope,0.85,This is a test summary for persistence verification.,Monitor developments.,https://example.com/test-article-1789914246.829157
HIGH,Climate Science,Test Unique Headline for Agent Memory 1789889846.1556363,Test Authority,Global Scope,0.85,This is a test summary for persistence verification.,Monitor developments.,https://example.com/test-article-1789889846.1556363
HIGH,Climate Science,Test Unique Headline for Agent Memory 12345,Test Authority,Global Scope,0.85,This is a test summary for persistence verification.,Monitor developments.,https://example.com/test-article-12345
